[{"name":"Бытие","alias":"Быт","id":"gen"},
{"name":"Исход","alias":"Исх","id":"ex"},
{"name":"Левит","alias":"Лев","id":"lev"},
{"name":"Числа","alias":"Чис","id":"num"},
{"name":"Второзаконие","alias":"Вт","id":"deut"},
{"name":"Книга Иисуса Навина","alias":"Нав","id":"josh"},
{"name":"Книга Судей Израилевых","alias":"Суд","id":"judg"},
{"name":"Книга Руфь","alias":"Руфь","id":"ruth"},
{"name":"Первая книга Царств","alias":"Цар1","id":"sam1"},
{"name":"Вторая книга Царств","alias":"Цар2","id":"sam2"},
{"name":"Третья книга Царств","alias":"Цар3","id":"kings1"},
{"name":"Четвертая книга Царств","alias":"Цар4","id":"kings2"},
{"name":"Первая книга Паралипоменон","alias":"Пар1","id":"chron1"},
{"name":"Вторая книга Паралипоменон","alias":"Пар2","id":"chron2"},
{"name":"Книга Ездры","alias":"Езд","id":"ezra"},
{"name":"Неемия","alias":"Неем","id":"neh"},
{"name":"Книга Есфирь","alias":"Есф","id":"est"},
{"name":"Книга Иова","alias":"Иов","id":"job"},
{"name":"Псалтырь","alias":"Пс","id":"ps"},
{"name":"Притчи Соломона","alias":"Пр","id":"prov"},
{"name":"Книга Екклесиаста","alias":"Ек","id":"eccles"},
{"name":"Песни Песней","alias":"Песн","id":"song"},
{"name":"Книга пророка Исаии","alias":"Ис","id":"isa"},
{"name":"Книга пророка Иеремии","alias":"Иер","id":"jer"},
{"name":"Плач Иеремии","alias":"Пл.Иер","id":"lam"},
{"name":"Книга пророка Иезекииля","alias":"Иез","id":"ezek"},
{"name":"Книга пророка Даниила","alias":"Дан","id":"dan"},
{"name":"Книга пророка Осии","alias":"Ос","id":"hos"},
{"name":"Книга пророка Иоиля","alias":"Иоиль","id":"joel"},
{"name":"Книга пророка Амоса","alias":"Ам","id":"amos"},
{"name":"Книга пророка Авдия","alias":"Авд","id":"obad"},
{"name":"Книга пророка Ионы","alias":"Иона","id":"jonah"},
{"name":"Книга пророка Михея","alias":"Мих","id":"mic"},
{"name":"Книга пророка Наума","alias":"Наум","id":"nah"},
{"name":"Книга пророка Аввакума","alias":"Авв","id":"hab"},
{"name":"Книга пророка Софонии","alias":"Соф","id":"zeph"},
{"name":"Книга пророка Аггея","alias":"Агг","id":"hag"},
{"name":"Книга пророка Захарии","alias":"Зах","id":"zech"},
{"name":"Книга пророка Малахии","alias":"Мал","id":"mal"},
{"name":"Евангелие от Матфея","alias":"Мф","id":"matt"},
{"name":"Евангелие от Марка","alias":"Мк","id":"mark"},
{"name":"Евангелие от Луки","alias":"Лк","id":"luke"},
{"name":"Евангелие от Иоанна","alias":"Ин","id":"john"},
{"name":"Деяния","alias":"Деян","id":"acts"},
{"name":"Послание Иакова","alias":"Иак","id":"james"},
{"name":"Первое послание Петра","alias":"Пет1","id":"pet1"},
{"name":"Второе послание Петра","alias":"Пет2","id":"pet2"},
{"name":"Первое послание Иоанна","alias":"Ин1","id":"john1"},
{"name":"Второе послание Иоанна","alias":"Ин2","id":"john2"},
{"name":"Третье послание Иоанна","alias":"Ин3","id":"john3"},
{"name":"Послание Иуды","alias":"Иуд","id":"jude"},
{"name":"Послание к Римлянам","alias":"Рим","id":"rom"},
{"name":"Первое послание к Коринфянам","alias":"Кор1","id":"cor1"},
{"name":"Второе послание к Коринфянам","alias":"Кор2","id":"cor2"},
{"name":"Послание к Галатам","alias":"Гал","id":"gal"},
{"name":"Послание к Ефесянам","alias":"Еф","id":"eph"},
{"name":"Послание к Филлиппийцам","alias":"Флп","id":"phil"},
{"name":"Послание к Колоссянам","alias":"Кол","id":"col"},
{"name":"Первое послание к Фессалоникийцам","alias":"Фес1","id":"thess1"},
{"name":"Второе послание к Фессалоникийцам","alias":"Фес2","id":"thess2"},
{"name":"Первое послание к Тимофею","alias":"Тим1","id":"tim1"},
{"name":"Второе послание к Тимофею","alias":"Тим2","id":"tim2"},
{"name":"Послание к Титу","alias":"Тит","id":"titus"},
{"name":"Послание к Филимону","alias":"Флм","id":"philem"},
{"name":"Послание к Евреям","alias":"Евр","id":"heb"},
{"name":"Откровение Иоанна Богослова","alias":"Отк","id":"rev"}]